id,ts_unix_ms,x_m,y_m,theta_rad,connected,ssid,bssid,rssi_dbm,freq_mhz,roam_event,disconnect_event,disconnect_streak_s,ping_loss_pct,ping_avg_ms
1,1767920825032,0.0,0.0,0.0,1,Lexxpluss-Biz,a8:29:48:c8:8f:61,-56,5240,0,0,0.0,,
2,1767920825537,0.0,0.0,0.0,1,Lexxpluss-Biz,a8:29:48:c8:8f:61,-56,5240,0,0,0.0,,
3,1767920826041,0.0,0.0,0.0,1,Lexxpluss-Biz,a8:29:48:c8:8f:61,-56,5240,0,0,0.0,,
4,1767920826543,0.0,0.0,0.0,1,Lexxpluss-Biz,a8:29:48:c8:8f:61,-56,5240,0,0,0.0,,
5,1767920827047,0.0,0.0,0.0,1,Lexxpluss-Biz,a8:29:48:c8:8f:61,-56,5240,0,0,0.0,,
6,1767920827551,0.0,0.0,0.0,1,Lexxpluss-Biz,a8:29:48:c8:8f:61,-56,5240,0,0,0.0,,
7,1767920828055,0.0,0.0,0.0,1,Lexxpluss-Biz,a8:29:48:c8:8f:61,-57,5240,0,0,0.0,,
8,1767920828559,0.0,0.0,0.0,1,Lexxpluss-Biz,a8:29:48:c8:8f:61,-57,5240,0,0,0.0,,
9,1767920829063,0.0,0.0,0.0,1,Lexxpluss-Biz,a8:29:48:c8:8f:61,-57,5240,0,0,0.0,,
10,1767920829567,0.0,0.0,0.0,1,Lexxpluss-Biz,a8:29:48:c8:8f:61,-56,5240,0,0,0.0,,
11,1767920830083,0.0,0.0,0.0,1,Lexxpluss-Biz,a8:29:48:c8:8f:61,-56,5240,0,0,0.0,,
12,1767920830587,0.0,0.0,0.0,1,Lexxpluss-Biz,a8:29:48:c8:8f:61,-56,5240,0,0,0.0,,
13,1767920831090,0.0,0.0,0.0,1,Lexxpluss-Biz,a8:29:48:c8:8f:61,-56,5240,0,0,0.0,,
14,1767920831593,0.0,0.0,0.0,1,Lexxpluss-Biz,a8:29:48:c8:8f:61,-57,5240,0,0,0.0,,
15,1767920832098,0.0,0.0,0.0,1,Lexxpluss-Biz,a8:29:48:c8:8f:61,-57,5240,0,0,0.0,,
16,1767920832602,0.0,0.0,0.0,1,Lexxpluss-Biz,a8:29:48:c8:8f:61,-57,5240,0,0,0.0,,
17,1767920833107,0.0,0.0,0.0,1,Lexxpluss-Biz,a8:29:48:c8:8f:61,-56,5240,0,0,0.0,,
18,1767920833611,0.0,0.0,0.0,1,Lexxpluss-Biz,a8:29:48:c8:8f:61,-56,5240,0,0,0.0,,
19,1767920834115,0.0,0.0,0.0,1,Lexxpluss-Biz,a8:29:48:c8:8f:61,-56,5240,0,0,0.0,,
20,1767920834619,0.0,0.0,0.0,1,Lexxpluss-Biz,a8:29:48:c8:8f:61,-56,5240,0,0,0.0,,
21,1767920835137,0.0,0.0,0.0,1,Lexxpluss-Biz,a8:29:48:c8:8f:61,-56,5240,0,0,0.0,,
22,1767920835641,0.0,0.0,0.0,1,Lexxpluss-Biz,a8:29:48:c8:8f:61,-57,5240,0,0,0.0,,
23,1767920836145,0.0,0.0,0.0,1,Lexxpluss-Biz,a8:29:48:c8:8f:61,-56,5240,0,0,0.0,,
24,1767920836648,0.0,0.0,0.0,1,Lexxpluss-Biz,a8:29:48:c8:8f:61,-56,5240,0,0,0.0,,
25,1767920837151,0.0,0.0,0.0,1,Lexxpluss-Biz,a8:29:48:c8:8f:61,-56,5240,0,0,0.0,,
26,1767920837655,0.0,0.0,0.0,1,Lexxpluss-Biz,a8:29:48:c8:8f:61,-56,5240,0,0,0.0,,
27,1767920838162,0.0,0.0,0.0,1,Lexxpluss-Biz,a8:29:48:c8:8f:61,-56,5240,0,0,0.0,,
28,1767920838665,0.0,0.0,0.0,1,Lexxpluss-Biz,a8:29:48:c8:8f:61,-56,5240,0,0,0.0,,
29,1767920839171,0.0,0.0,0.0,1,Lexxpluss-Biz,a8:29:48:c8:8f:61,-57,5240,0,0,0.0,,
30,1767920839674,0.0,0.0,0.0,1,Lexxpluss-Biz,a8:29:48:c8:8f:61,-57,5240,0,0,0.0,,
31,1767920840193,0.0,0.0,0.0,1,Lexxpluss-Biz,a8:29:48:c8:8f:61,-57,5240,0,0,0.0,,
32,1767920840696,0.0,0.0,0.0,1,Lexxpluss-Biz,a8:29:48:c8:8f:61,-58,5240,0,0,0.0,,
33,1767920841201,0.0,0.0,0.0,1,Lexxpluss-Biz,a8:29:48:c8:8f:61,-58,5240,0,0,0.0,,
34,1767920841706,0.0,0.0,0.0,1,Lexxpluss-Biz,a8:29:48:c8:8f:61,-58,5240,0,0,0.0,,
35,1767920842210,0.0,0.0,0.0,1,Lexxpluss-Biz,a8:29:48:c8:8f:61,-58,5240,0,0,0.0,,
36,1767920842715,0.0,0.0,0.0,1,Lexxpluss-Biz,a8:29:48:c8:8f:61,-50,5240,0,0,0.0,,
37,1767920843219,0.0,0.0,0.0,1,Lexxpluss-Biz,a8:29:48:c8:8f:61,-50,5240,0,0,0.0,,
38,1767920843724,0.0,0.0,0.0,1,Lexxpluss-Biz,a8:29:48:c8:8f:61,-50,5240,0,0,0.0,,
39,1767920844229,0.0,0.0,0.0,1,Lexxpluss-Biz,a8:29:48:c8:8f:61,-54,5240,0,0,0.0,,
40,1767920844732,0.0,0.0,0.0,1,Lexxpluss-Biz,a8:29:48:c8:8f:61,-52,5240,0,0,0.0,,
41,1767920845251,0.0,0.0,0.0,1,Lexxpluss-Biz,a8:29:48:c8:8f:61,-52,5240,0,0,0.0,,
42,1767920845756,0.0,0.0,0.0,1,Lexxpluss-Biz,a8:29:48:c8:8f:61,-52,5240,0,0,0.0,,
43,1767920846261,0.0,0.0,0.0,1,Lexxpluss-Biz,a8:29:48:c8:8f:61,-52,5240,0,0,0.0,,
44,1767920846765,0.0,0.0,0.0,1,Lexxpluss-Biz,a8:29:48:c8:8f:61,-52,5240,0,0,0.0,,
45,1767920847269,0.0,0.0,0.0,1,Lexxpluss-Biz,a8:29:48:c8:8f:61,-52,5240,0,0,0.0,,
46,1767920847774,0.0,0.0,0.0,1,Lexxpluss-Biz,a8:29:48:c8:8f:61,-54,5240,0,0,0.0,,
47,1767920848279,0.0,0.0,0.0,1,Lexxpluss-Biz,a8:29:48:c8:8f:61,-55,5240,0,0,0.0,,
48,1767920848783,0.0,0.0,0.0,1,Lexxpluss-Biz,a8:29:48:c8:8f:61,-52,5240,0,0,0.0,,
49,1767920849287,0.0,0.0,0.0,1,Lexxpluss-Biz,a8:29:48:c8:8f:61,-53,5240,0,0,0.0,,
50,1767920849792,0.0,0.0,0.0,1,Lexxpluss-Biz,a8:29:48:c8:8f:61,-51,5240,0,0,0.0,,
51,1767920850310,0.0,0.0,0.0,1,Lexxpluss-Biz,a8:29:48:c8:8f:61,-52,5240,0,0,0.0,,
52,1767920850813,0.0,0.0,0.0,1,Lexxpluss-Biz,a8:29:48:c8:8f:61,-52,5240,0,0,0.0,,
53,1767920851317,0.0,0.0,0.0,1,Lexxpluss-Biz,a8:29:48:c8:8f:61,-46,5240,0,0,0.0,,
54,1767920851821,0.0,0.0,0.0,1,Lexxpluss-Biz,a8:29:48:c8:8f:61,-51,5240,0,0,0.0,,
55,1767920852325,0.0,0.0,0.0,1,Lexxpluss-Biz,a8:29:48:c8:8f:61,-52,5240,0,0,0.0,,
56,1767920852830,0.0,0.0,0.0,1,Lexxpluss-Biz,a8:29:48:c8:8f:61,-50,5240,0,0,0.0,,
57,1767920853334,0.0,0.0,0.0,1,Lexxpluss-Biz,a8:29:48:c8:8f:61,-50,5240,0,0,0.0,,
58,1767920853840,0.0,0.0,0.0,1,Lexxpluss-Biz,a8:29:48:c8:8f:61,-52,5240,0,0,0.0,,
59,1767920854344,0.0,0.0,0.0,1,Lexxpluss-Biz,a8:29:48:c8:8f:61,-51,5240,0,0,0.0,,
60,1767920854848,0.0,0.0,0.0,1,Lexxpluss-Biz,a8:29:48:c8:8f:61,-52,5240,0,0,0.0,,
61,1767920855366,0.0,0.0,0.0,1,Lexxpluss-Biz,a8:29:48:c8:8f:61,-51,5240,0,0,0.0,,
62,1767920855870,0.0,0.0,0.0,1,Lexxpluss-Biz,a8:29:48:c8:8f:61,-51,5240,0,0,0.0,,
63,1767920856375,0.0,0.0,0.0,1,Lexxpluss-Biz,a8:29:48:c8:8f:61,-54,5240,0,0,0.0,,
64,1767920856880,0.0,0.0,0.0,1,Lexxpluss-Biz,a8:29:48:c8:8f:61,-54,5240,0,0,0.0,,
65,1767920857384,0.0,0.0,0.0,1,Lexxpluss-Biz,a8:29:48:c8:8f:61,-55,5240,0,0,0.0,,
66,1767920857887,0.0,0.0,0.0,1,Lexxpluss-Biz,a8:29:48:c8:8f:61,-53,5240,0,0,0.0,,
67,1767920858391,0.0,0.0,0.0,1,Lexxpluss-Biz,a8:29:48:c8:8f:61,-53,5240,0,0,0.0,,
68,1767920858896,0.0,0.0,0.0,1,Lexxpluss-Biz,a8:29:48:c8:8f:61,-57,5240,0,0,0.0,,
69,1767920859400,0.0,0.0,0.0,1,Lexxpluss-Biz,a8:29:48:c8:8f:61,-55,5240,0,0,0.0,,
70,1767920859905,0.0,0.0,0.0,1,Lexxpluss-Biz,a8:29:48:c8:8f:61,-56,5240,0,0,0.0,,
71,1767920860423,0.0,0.0,0.0,1,Lexxpluss-Biz,a8:29:48:c8:8f:61,-58,5240,0,0,0.0,,
72,1767920860927,0.0,0.0,0.0,1,Lexxpluss-Biz,a8:29:48:c8:8f:61,-58,5240,0,0,0.0,,
73,1767920861432,0.0,0.0,0.0,1,Lexxpluss-Biz,a8:29:48:c8:8f:61,-58,5240,0,0,0.0,,
74,1767920861936,0.0,0.0,0.0,1,Lexxpluss-Biz,a8:29:48:c8:8f:61,-53,5240,0,0,0.0,,
75,1767920862440,0.0,0.0,0.0,1,Lexxpluss-Biz,a8:29:48:c8:8f:61,-53,5240,0,0,0.0,,
76,1767920862944,0.0,0.0,0.0,1,Lexxpluss-Biz,a8:29:48:c8:8f:61,-53,5240,0,0,0.0,,
77,1767920863449,0.0,0.0,0.0,1,Lexxpluss-Biz,a8:29:48:c8:8f:61,-57,5240,0,0,0.0,,
78,1767920863954,0.0,0.0,0.0,1,Lexxpluss-Biz,a8:29:48:c8:8f:61,-57,5240,0,0,0.0,,
79,1767920864458,0.0,0.0,0.0,1,Lexxpluss-Biz,a8:29:48:c8:8f:61,-57,5240,0,0,0.0,,
80,1767920864962,0.0,0.0,0.0,1,Lexxpluss-Biz,a8:29:48:c8:8f:61,-57,5240,0,0,0.0,,
81,1767920865480,0.0,0.0,0.0,1,Lexxpluss-Biz,a8:29:48:c8:8f:61,-62,5240,0,0,0.0,,
82,1767920865984,0.0,0.0,0.0,1,Lexxpluss-Biz,a8:29:48:c8:8f:61,-62,5240,0,0,0.0,,
83,1767920866488,0.0,0.0,0.0,1,Lexxpluss-Biz,a8:29:48:c8:8f:61,-61,5240,0,0,0.0,,
84,1767920866991,0.0,0.0,0.0,1,Lexxpluss-Biz,a8:29:48:c8:8f:61,-60,5240,0,0,0.0,,
85,1767920867496,0.0,0.0,0.0,1,Lexxpluss-Biz,a8:29:48:c8:8f:61,-61,5240,0,0,0.0,,
86,1767920868001,0.0,0.0,0.0,1,Lexxpluss-Biz,a8:29:48:c8:8f:61,-63,5240,0,0,0.0,,
87,1767920868506,0.0,0.0,0.0,1,Lexxpluss-Biz,a8:29:48:c8:8f:61,-63,5240,0,0,0.0,,
88,1767920869010,0.0,0.0,0.0,1,Lexxpluss-Biz,a8:29:48:c8:8f:61,-65,5240,0,0,0.0,,
89,1767920869514,0.0,0.0,0.0,1,Lexxpluss-Biz,a8:29:48:c8:8f:61,-65,5240,0,0,0.0,,
90,1767920870018,0.0,0.0,0.0,1,Lexxpluss-Biz,a8:29:48:c8:8f:61,-67,5240,0,0,0.0,,
91,1767920870537,0.0,0.0,0.0,1,Lexxpluss-Biz,a8:29:48:c8:8f:61,-67,5240,0,0,0.0,,
92,1767920871041,0.0,0.0,0.0,1,Lexxpluss-Biz,a8:29:48:c8:8f:61,-67,5240,0,0,0.0,,
93,1767920871545,0.0,0.0,0.0,1,Lexxpluss-Biz,a8:29:48:c8:8f:61,-64,5240,0,0,0.0,,
94,1767920872047,0.0,0.0,0.0,1,Lexxpluss-Biz,a8:29:48:c8:8f:61,-68,5240,0,0,0.0,,
95,1767920872552,0.0,0.0,0.0,1,Lexxpluss-Biz,a8:29:48:c8:8f:61,-67,5240,0,0,0.0,,
96,1767920873057,0.0,0.0,0.0,1,Lexxpluss-Biz,a8:29:48:c8:8f:61,-67,5240,0,0,0.0,,
97,1767920873562,0.0,0.0,0.0,1,Lexxpluss-Biz,a8:29:48:c8:8f:61,-67,5240,0,0,0.0,,
98,1767920874067,0.0,0.0,0.0,1,Lexxpluss-Biz,a8:29:48:c8:8f:61,-70,5240,0,0,0.0,,
99,1767920874571,0.0,0.0,0.0,1,Lexxpluss-Biz,a8:29:48:c8:8f:61,-67,5240,0,0,0.0,,
100,1767920875074,0.0,0.0,0.0,1,Lexxpluss-Biz,a8:29:48:c8:8f:61,-68,5240,0,0,0.0,,
101,1767920875592,0.0,0.0,0.0,1,Lexxpluss-Biz,a8:29:48:c8:8f:61,-68,5240,0,0,0.0,,
102,1767920876096,0.0,0.0,0.0,1,Lexxpluss-Biz,a8:29:48:c8:8f:61,-68,5240,0,0,0.0,,
103,1767920876600,0.0,0.0,0.0,1,Lexxpluss-Biz,a8:29:48:c8:8f:61,-68,5240,0,0,0.0,,
104,1767920877105,0.0,0.0,0.0,1,Lexxpluss-Biz,a8:29:48:c8:8f:61,-68,5240,0,0,0.0,,
105,1767920877610,0.0,0.0,0.0,1,Lexxpluss-Biz,a8:29:48:c8:8f:61,-70,5240,0,0,0.0,,
106,1767920878114,0.0,0.0,0.0,1,Lexxpluss-Biz,a8:29:48:c8:8f:61,-70,5240,0,0,0.0,,
107,1767920878619,0.0,0.0,0.0,1,Lexxpluss-Biz,a8:29:48:c8:8f:61,-70,5240,0,0,0.0,,
108,1767920879123,0.0,0.0,0.0,1,Lexxpluss-Biz,a8:29:48:c8:8f:61,-70,5240,0,0,0.0,,
109,1767920879628,0.0,0.0,0.0,1,Lexxpluss-Biz,a8:29:48:c8:8f:61,-70,5240,0,0,0.0,,
110,1767920880132,0.0,0.0,0.0,1,Lexxpluss-Biz,a8:29:48:c8:8f:61,-68,5240,0,0,0.0,,
111,1767920880649,0.0,0.0,0.0,1,Lexxpluss-Biz,a8:29:48:c8:8f:61,-71,5240,0,0,0.0,,
112,1767920881153,0.0,0.0,0.0,1,Lexxpluss-Biz,a8:29:48:c8:8f:61,-71,5240,0,0,0.0,,
113,1767920881658,0.0,0.0,0.0,1,Lexxpluss-Biz,a8:29:48:c8:8f:61,-70,5240,0,0,0.0,,
114,1767920882162,0.0,0.0,0.0,1,Lexxpluss-Biz,a8:29:48:c8:8f:61,-71,5240,0,0,0.0,,
115,1767920882666,0.0,0.0,0.0,1,Lexxpluss-Biz,a8:29:48:c8:8f:61,-71,5240,0,0,0.0,,
116,1767920883170,0.0,0.0,0.0,1,Lexxpluss-Biz,a8:29:48:c8:8f:61,-71,5240,0,0,0.0,,
117,1767920883675,0.0,0.0,0.0,1,Lexxpluss-Biz,a8:29:48:c8:8f:61,-72,5240,0,0,0.0,,
118,1767920884179,0.0,0.0,0.0,1,Lexxpluss-Biz,a8:29:48:c8:8f:61,-74,5240,0,0,0.0,,
119,1767920884684,0.0,0.0,0.0,1,Lexxpluss-Biz,a8:29:48:c8:8f:61,-74,5240,0,0,0.0,,
120,1767920885189,0.0,0.0,0.0,1,Lexxpluss-Biz,a8:29:48:c8:8f:61,-73,5240,0,0,0.0,,
121,1767920885708,0.0,0.0,0.0,1,Lexxpluss-Biz,a8:29:48:c8:8f:61,-71,5240,0,0,0.0,,
122,1767920886212,0.0,0.0,0.0,1,Lexxpluss-Biz,a8:29:48:c8:8f:61,-71,5240,0,0,0.0,,
123,1767920886716,0.0,0.0,0.0,1,Lexxpluss-Biz,a8:29:48:c8:8f:61,-71,5240,0,0,0.0,,
124,1767920887219,0.0,0.0,0.0,1,Lexxpluss-Biz,a8:29:48:c8:8f:61,-73,5240,0,0,0.0,,
125,1767920887724,0.0,0.0,0.0,1,Lexxpluss-Biz,a8:29:48:c8:8f:61,-74,5240,0,0,0.0,,
126,1767920888228,0.0,0.0,0.0,1,Lexxpluss-Biz,a8:29:48:c8:8f:61,-73,5240,0,0,0.0,,
127,1767920888733,0.0,0.0,0.0,1,Lexxpluss-Biz,a8:29:48:c8:8f:61,-73,5240,0,0,0.0,,
128,1767920889238,0.0,0.0,0.0,1,Lexxpluss-Biz,a8:29:48:c8:8f:61,-70,5240,0,0,0.0,,
129,1767920889742,0.0,0.0,0.0,1,Lexxpluss-Biz,a8:29:48:c8:8f:61,-72,5240,0,0,0.0,,
130,1767920890246,0.0,0.0,0.0,1,Lexxpluss-Biz,a8:29:48:c8:8f:61,-75,5240,0,0,0.0,,
131,1767920890765,0.0,0.0,0.0,1,Lexxpluss-Biz,a8:29:48:c8:8f:61,-72,5240,0,0,0.0,,
132,1767920891269,0.0,0.0,0.0,1,Lexxpluss-Biz,a8:29:48:c8:8f:61,-72,5240,0,0,0.0,,
133,1767920891774,0.0,0.0,0.0,1,Lexxpluss-Biz,a8:29:48:c8:8f:61,-69,5240,0,0,0.0,,
134,1767920892278,0.0,0.0,0.0,1,Lexxpluss-Biz,a8:29:48:c8:8f:61,-69,5240,0,0,0.0,,
135,1767920892783,0.0,0.0,0.0,1,Lexxpluss-Biz,a8:29:48:c8:8f:61,-69,5240,0,0,0.0,,
136,1767920893288,0.0,0.0,0.0,1,Lexxpluss-Biz,a8:29:48:c8:8f:61,-70,5240,0,0,0.0,,
137,1767920893792,0.0,0.0,0.0,1,Lexxpluss-Biz,a8:29:48:c8:8f:61,-70,5240,0,0,0.0,,
138,1767920894297,0.0,0.0,0.0,1,Lexxpluss-Biz,a8:29:48:c8:8f:61,-70,5240,0,0,0.0,,
139,1767920894801,0.0,0.0,0.0,1,Lexxpluss-Biz,a8:29:48:c8:8f:61,-70,5240,0,0,0.0,,
140,1767920895306,0.0,0.0,0.0,1,Lexxpluss-Biz,a8:29:48:c8:8f:61,-68,5240,0,0,0.0,,
141,1767920895815,0.0,0.0,0.0,1,Lexxpluss-Biz,a8:29:48:c8:8f:61,-70,5240,0,0,0.0,,
142,1767920896319,0.0,0.0,0.0,1,Lexxpluss-Biz,a8:29:48:c8:8f:61,-69,5240,0,0,0.0,,
143,1767920896823,0.0,0.0,0.0,1,Lexxpluss-Biz,a8:29:48:c8:8f:61,-67,5240,0,0,0.0,,
144,1767920897327,0.0,0.0,0.0,1,Lexxpluss-Biz,a8:29:48:c8:8f:61,-67,5240,0,0,0.0,,
145,1767920897831,0.0,0.0,0.0,1,Lexxpluss-Biz,a8:29:48:c8:8f:61,-66,5240,0,0,0.0,,
146,1767920898335,0.0,0.0,0.0,1,Lexxpluss-Biz,a8:29:48:c8:8f:61,-68,5240,0,0,0.0,,
147,1767920898839,0.0,0.0,0.0,1,Lexxpluss-Biz,a8:29:48:c8:8f:61,-67,5240,0,0,0.0,,
148,1767920899344,0.0,0.0,0.0,1,Lexxpluss-Biz,a8:29:48:c8:8f:61,-65,5240,0,0,0.0,,
149,1767920899848,0.0,0.0,0.0,1,Lexxpluss-Biz,a8:29:48:c8:8f:61,-65,5240,0,0,0.0,,
150,1767920900353,0.0,0.0,0.0,1,Lexxpluss-Biz,a8:29:48:c8:8f:61,-67,5240,0,0,0.0,,
151,1767920900872,0.0,0.0,0.0,1,Lexxpluss-Biz,a8:29:48:c8:8f:61,-67,5240,0,0,0.0,,
152,1767920901376,0.0,0.0,0.0,1,Lexxpluss-Biz,a8:29:48:c8:8f:61,-65,5240,0,0,0.0,,
153,1767920901881,0.0,0.0,0.0,1,Lexxpluss-Biz,a8:29:48:c8:8f:61,-64,5240,0,0,0.0,,
154,1767920902385,0.0,0.0,0.0,1,Lexxpluss-Biz,a8:29:48:c8:8f:61,-64,5240,0,0,0.0,,
155,1767920902889,0.0,0.0,0.0,1,Lexxpluss-Biz,a8:29:48:c8:8f:61,-65,5240,0,0,0.0,,
156,1767920903393,0.0,0.0,0.0,1,Lexxpluss-Biz,a8:29:48:c8:8f:61,-64,5240,0,0,0.0,,
157,1767920903897,0.0,0.0,0.0,1,Lexxpluss-Biz,a8:29:48:c8:8f:61,-65,5240,0,0,0.0,,
158,1767920904401,0.0,0.0,0.0,1,Lexxpluss-Biz,a8:29:48:c8:8f:61,-63,5240,0,0,0.0,,
159,1767920904906,0.0,0.0,0.0,1,Lexxpluss-Biz,a8:29:48:c8:8f:61,-66,5240,0,0,0.0,,
160,1767920905410,0.0,0.0,0.0,1,Lexxpluss-Biz,a8:29:48:c8:8f:61,-63,5240,0,0,0.0,,
161,1767920905929,0.0,0.0,0.0,1,Lexxpluss-Biz,a8:29:48:c8:8f:61,-63,5240,0,0,0.0,,
162,1767920906434,0.0,0.0,0.0,1,Lexxpluss-Biz,a8:29:48:c8:8f:61,-63,5240,0,0,0.0,,
163,1767920906938,0.0,0.0,0.0,1,Lexxpluss-Biz,a8:29:48:c8:8f:61,-63,5240,0,0,0.0,,
164,1767920907443,0.0,0.0,0.0,1,Lexxpluss-Biz,a8:29:48:c8:8f:61,-62,5240,0,0,0.0,,
165,1767920907948,0.0,0.0,0.0,1,Lexxpluss-Biz,a8:29:48:c8:8f:61,-62,5240,0,0,0.0,,
166,1767920908452,0.0,0.0,0.0,1,Lexxpluss-Biz,a8:29:48:c8:8f:61,-62,5240,0,0,0.0,,
167,1767920908957,0.0,0.0,0.0,1,Lexxpluss-Biz,a8:29:48:c8:8f:61,-58,5240,0,0,0.0,,
168,1767920909461,0.0,0.0,0.0,1,Lexxpluss-Biz,a8:29:48:c8:8f:61,-58,5240,0,0,0.0,,
169,1767920909965,0.0,0.0,0.0,1,Lexxpluss-Biz,a8:29:48:c8:8f:61,-57,5240,0,0,0.0,,
170,1767920910470,0.0,0.0,0.0,1,Lexxpluss-Biz,a8:29:48:c8:8f:61,-57,5240,0,0,0.0,,
171,1767920910988,0.0,0.0,0.0,1,Lexxpluss-Biz,a8:29:48:c8:8f:61,-57,5240,0,0,0.0,,
172,1767920911492,0.0,0.0,0.0,1,Lexxpluss-Biz,a8:29:48:c8:8f:61,-56,5240,0,0,0.0,,
173,1767920911997,0.0,0.0,0.0,1,Lexxpluss-Biz,a8:29:48:c8:8f:61,-53,5240,0,0,0.0,,
174,1767920912501,0.0,0.0,0.0,1,Lexxpluss-Biz,a8:29:48:c8:8f:61,-55,5240,0,0,0.0,,
175,1767920913006,0.0,0.0,0.0,1,Lexxpluss-Biz,a8:29:48:c8:8f:61,-55,5240,0,0,0.0,,
176,1767920913510,0.0,0.0,0.0,1,Lexxpluss-Biz,a8:29:48:c8:8f:61,-52,5240,0,0,0.0,,
177,1767920914015,0.0,0.0,0.0,1,Lexxpluss-Biz,a8:29:48:c8:8f:61,-50,5240,0,0,0.0,,
178,1767920914519,0.0,0.0,0.0,1,Lexxpluss-Biz,a8:29:48:c8:8f:61,-52,5240,0,0,0.0,,
179,1767920915025,0.0,0.0,0.0,1,Lexxpluss-Biz,a8:29:48:c8:8f:61,-52,5240,0,0,0.0,,
180,1767920915530,0.0,0.0,0.0,1,Lexxpluss-Biz,a8:29:48:c8:8f:61,-52,5240,0,0,0.0,,
181,1767920916049,0.0,0.0,0.0,1,Lexxpluss-Biz,a8:29:48:c8:8f:61,-52,5240,0,0,0.0,,
182,1767920916553,0.0,0.0,0.0,1,Lexxpluss-Biz,a8:29:48:c8:8f:61,-49,5240,0,0,0.0,,
183,1767920917058,0.0,0.0,0.0,1,Lexxpluss-Biz,a8:29:48:c8:8f:61,-49,5240,0,0,0.0,,
184,1767920917562,0.0,0.0,0.0,1,Lexxpluss-Biz,a8:29:48:c8:8f:61,-49,5240,0,0,0.0,,
185,1767920918067,0.0,0.0,0.0,1,Lexxpluss-Biz,a8:29:48:c8:8f:61,-44,5240,0,0,0.0,,
186,1767920918571,0.0,0.0,0.0,1,Lexxpluss-Biz,a8:29:48:c8:8f:61,-44,5240,0,0,0.0,,
187,1767920919076,0.0,0.0,0.0,1,Lexxpluss-Biz,a8:29:48:c8:8f:61,-44,5240,0,0,0.0,,
188,1767920919581,0.0,0.0,0.0,1,Lexxpluss-Biz,a8:29:48:c8:8f:61,-42,5240,0,0,0.0,,
189,1767920920086,0.0,0.0,0.0,1,Lexxpluss-Biz,a8:29:48:c8:8f:61,-42,5240,0,0,0.0,,
190,1767920920589,0.0,0.0,0.0,1,Lexxpluss-Biz,a8:29:48:c8:8f:61,-42,5240,0,0,0.0,,
191,1767920921107,0.0,0.0,0.0,1,Lexxpluss-Biz,a8:29:48:c8:8f:61,-42,5240,0,0,0.0,,
192,1767920921611,0.0,0.0,0.0,1,Lexxpluss-Biz,a8:29:48:c8:8f:61,-42,5240,0,0,0.0,,
193,1767920922115,0.0,0.0,0.0,1,Lexxpluss-Biz,a8:29:48:c8:8f:61,-42,5240,0,0,0.0,,
194,1767920922620,0.0,0.0,0.0,1,Lexxpluss-Biz,a8:29:48:c8:8f:61,-42,5240,0,0,0.0,,
195,1767920923125,0.0,0.0,0.0,1,Lexxpluss-Biz,a8:29:48:c8:8f:61,-43,5240,0,0,0.0,,
196,1767920923629,0.0,0.0,0.0,1,Lexxpluss-Biz,a8:29:48:c8:8f:61,-40,5240,0,0,0.0,,
197,1767920924133,0.0,0.0,0.0,1,Lexxpluss-Biz,a8:29:48:c8:8f:61,-40,5240,0,0,0.0,,
198,1767920924637,0.0,0.0,0.0,1,Lexxpluss-Biz,a8:29:48:c8:8f:61,-41,5240,0,0,0.0,,
199,1767920925141,0.0,0.0,0.0,1,Lexxpluss-Biz,a8:29:48:c8:8f:61,-41,5240,0,0,0.0,,
200,1767920925645,0.0,0.0,0.0,1,Lexxpluss-Biz,a8:29:48:c8:8f:61,-41,5240,0,0,0.0,,
201,1767920926165,0.0,0.0,0.0,1,Lexxpluss-Biz,a8:29:48:c8:8f:61,-41,5240,0,0,0.0,,
202,1767920926669,0.0,0.0,0.0,1,Lexxpluss-Biz,a8:29:48:c8:8f:61,-37,5240,0,0,0.0,,
203,1767920927173,0.0,0.0,0.0,1,Lexxpluss-Biz,a8:29:48:c8:8f:61,-37,5240,0,0,0.0,,
204,1767920927678,0.0,0.0,0.0,1,Lexxpluss-Biz,a8:29:48:c8:8f:61,-40,5240,0,0,0.0,,
205,1767920928183,0.0,0.0,0.0,1,Lexxpluss-Biz,a8:29:48:c8:8f:61,-39,5240,0,0,0.0,,
206,1767920928688,0.0,0.0,0.0,1,Lexxpluss-Biz,a8:29:48:c8:8f:61,-38,5240,0,0,0.0,,
207,1767920929193,0.0,0.0,0.0,1,Lexxpluss-Biz,a8:29:48:c8:8f:61,-39,5240,0,0,0.0,,
208,1767920929698,0.0,0.0,0.0,1,Lexxpluss-Biz,a8:29:48:c8:8f:61,-39,5240,0,0,0.0,,
209,1767920930203,0.0,0.0,0.0,1,Lexxpluss-Biz,a8:29:48:c8:8f:61,-38,5240,0,0,0.0,,
210,1767920930707,0.0,0.0,0.0,1,Lexxpluss-Biz,a8:29:48:c8:8f:61,-38,5240,0,0,0.0,,
211,1767920931226,0.0,0.0,0.0,1,Lexxpluss-Biz,a8:29:48:c8:8f:61,-38,5240,0,0,0.0,,
212,1767920931731,0.0,0.0,0.0,1,Lexxpluss-Biz,a8:29:48:c8:8f:61,-38,5240,0,0,0.0,,
213,1767920932236,0.0,0.0,0.0,1,Lexxpluss-Biz,a8:29:48:c8:8f:61,-38,5240,0,0,0.0,,
214,1767920932740,0.0,0.0,0.0,1,Lexxpluss-Biz,a8:29:48:c8:8f:61,-35,5240,0,0,0.0,,
215,1767920933245,0.0,0.0,0.0,1,Lexxpluss-Biz,a8:29:48:c8:8f:61,-35,5240,0,0,0.0,,
216,1767920933750,0.0,0.0,0.0,1,Lexxpluss-Biz,a8:29:48:c8:8f:61,-35,5240,0,0,0.0,,
217,1767920934254,0.0,0.0,0.0,1,Lexxpluss-Biz,a8:29:48:c8:8f:61,-38,5240,0,0,0.0,,
218,1767920934760,0.0,0.0,0.0,1,Lexxpluss-Biz,a8:29:48:c8:8f:61,-38,5240,0,0,0.0,,
219,1767920935264,0.0,0.0,0.0,1,Lexxpluss-Biz,a8:29:48:c8:8f:61,-36,5240,0,0,0.0,,
220,1767920935769,0.0,0.0,0.0,1,Lexxpluss-Biz,a8:29:48:c8:8f:61,-35,5240,0,0,0.0,,
221,1767920936288,0.0,0.0,0.0,1,Lexxpluss-Biz,a8:29:48:c8:8f:61,-37,5240,0,0,0.0,,
222,1767920936791,0.0,0.0,0.0,1,Lexxpluss-Biz,a8:29:48:c8:8f:61,-36,5240,0,0,0.0,,
223,1767920937297,0.0,0.0,0.0,1,Lexxpluss-Biz,a8:29:48:c8:8f:61,-36,5240,0,0,0.0,,
224,1767920937801,0.0,0.0,0.0,1,Lexxpluss-Biz,a8:29:48:c8:8f:61,-36,5240,0,0,0.0,,
225,1767920938306,0.0,0.0,0.0,1,Lexxpluss-Biz,a8:29:48:c8:8f:61,-37,5240,0,0,0.0,,
226,1767920938810,0.0,0.0,0.0,1,Lexxpluss-Biz,a8:29:48:c8:8f:61,-37,5240,0,0,0.0,,
227,1767920939315,0.0,0.0,0.0,1,Lexxpluss-Biz,a8:29:48:c8:8f:61,-36,5240,0,0,0.0,,
228,1767920939819,0.0,0.0,0.0,1,Lexxpluss-Biz,a8:29:48:c8:8f:61,-37,5240,0,0,0.0,,
229,1767920940323,0.0,0.0,0.0,1,Lexxpluss-Biz,a8:29:48:c8:8f:61,-38,5240,0,0,0.0,,
230,1767920940828,0.0,0.0,0.0,1,Lexxpluss-Biz,a8:29:48:c8:8f:61,-37,5240,0,0,0.0,,
231,1767920941348,0.0,0.0,0.0,1,Lexxpluss-Biz,a8:29:48:c8:8f:61,-40,5240,0,0,0.0,,
232,1767920941851,0.0,0.0,0.0,1,Lexxpluss-Biz,a8:29:48:c8:8f:61,-39,5240,0,0,0.0,,
233,1767920942356,0.0,0.0,0.0,1,Lexxpluss-Biz,a8:29:48:c8:8f:61,-38,5240,0,0,0.0,,
234,1767920942861,0.0,0.0,0.0,1,Lexxpluss-Biz,a8:29:48:c8:8f:61,-38,5240,0,0,0.0,,
235,1767920943366,0.0,0.0,0.0,1,Lexxpluss-Biz,a8:29:48:c8:8f:61,-40,5240,0,0,0.0,,
236,1767920943870,0.0,0.0,0.0,1,Lexxpluss-Biz,a8:29:48:c8:8f:61,-40,5240,0,0,0.0,,
237,1767920944374,0.0,0.0,0.0,1,Lexxpluss-Biz,a8:29:48:c8:8f:61,-40,5240,0,0,0.0,,
238,1767920944879,0.0,0.0,0.0,1,Lexxpluss-Biz,a8:29:48:c8:8f:61,-40,5240,0,0,0.0,,
239,1767920945384,0.0,0.0,0.0,1,Lexxpluss-Biz,a8:29:48:c8:8f:61,-40,5240,0,0,0.0,,
240,1767920945888,0.0,0.0,0.0,1,Lexxpluss-Biz,a8:29:48:c8:8f:61,-40,5240,0,0,0.0,,
241,1767920946410,0.0,0.0,0.0,1,Lexxpluss-Biz,a8:29:48:c8:8f:61,-40,5240,0,0,0.0,,
242,1767920946913,0.0,0.0,0.0,1,Lexxpluss-Biz,a8:29:48:c8:8f:61,-43,5240,0,0,0.0,,
243,1767920947417,0.0,0.0,0.0,1,Lexxpluss-Biz,a8:29:48:c8:8f:61,-45,5240,0,0,0.0,,
244,1767920947921,0.0,0.0,0.0,1,Lexxpluss-Biz,a8:29:48:c8:8f:61,-43,5240,0,0,0.0,,
245,1767920948425,0.0,0.0,0.0,1,Lexxpluss-Biz,a8:29:48:c8:8f:61,-43,5240,0,0,0.0,,
246,1767920948929,0.0,0.0,0.0,1,Lexxpluss-Biz,a8:29:48:c8:8f:61,-44,5240,0,0,0.0,,
247,1767920949433,0.0,0.0,0.0,1,Lexxpluss-Biz,a8:29:48:c8:8f:61,-49,5240,0,0,0.0,,
248,1767920949937,0.0,0.0,0.0,1,Lexxpluss-Biz,a8:29:48:c8:8f:61,-49,5240,0,0,0.0,,
249,1767920950441,0.0,0.0,0.0,1,Lexxpluss-Biz,a8:29:48:c8:8f:61,-51,5240,0,0,0.0,,
250,1767920950945,0.0,0.0,0.0,1,Lexxpluss-Biz,a8:29:48:c8:8f:61,-52,5240,0,0,0.0,,
251,1767920951467,0.0,0.0,0.0,1,Lexxpluss-Biz,a8:29:48:c8:8f:61,-50,5240,0,0,0.0,,
252,1767920951971,0.0,0.0,0.0,1,Lexxpluss-Biz,a8:29:48:c8:8f:61,-52,5240,0,0,0.0,,
253,1767920952475,0.0,0.0,0.0,1,Lexxpluss-Biz,a8:29:48:c8:8f:61,-52,5240,0,0,0.0,,
254,1767920952980,0.0,0.0,0.0,1,Lexxpluss-Biz,a8:29:48:c8:8f:61,-52,5240,0,0,0.0,,
255,1767920953485,0.0,0.0,0.0,1,Lexxpluss-Biz,a8:29:48:c8:8f:61,-52,5240,0,0,0.0,,
256,1767920953989,0.0,0.0,0.0,1,Lexxpluss-Biz,a8:29:48:c8:8f:61,-54,5240,0,0,0.0,,
257,1767920954493,0.0,0.0,0.0,1,Lexxpluss-Biz,a8:29:48:c8:8f:61,-54,5240,0,0,0.0,,
258,1767920954997,0.0,0.0,0.0,1,Lexxpluss-Biz,a8:29:48:c8:8f:61,-51,5240,0,0,0.0,,
259,1767920955502,0.0,0.0,0.0,1,Lexxpluss-Biz,a8:29:48:c8:8f:61,-53,5240,0,0,0.0,,
260,1767920956005,0.0,0.0,0.0,1,Lexxpluss-Biz,a8:29:48:c8:8f:61,-53,5240,0,0,0.0,,
261,1767920956516,0.0,0.0,0.0,1,Lexxpluss-Biz,a8:29:48:c8:8f:61,-52,5240,0,0,0.0,,
262,1767920957021,0.0,0.0,0.0,1,Lexxpluss-Biz,a8:29:48:c8:8f:61,-54,5240,0,0,0.0,,
263,1767920957526,0.0,0.0,0.0,1,Lexxpluss-Biz,a8:29:48:c8:8f:61,-54,5240,0,0,0.0,,
264,1767920958031,0.0,0.0,0.0,1,Lexxpluss-Biz,a8:29:48:c8:8f:61,-53,5240,0,0,0.0,,
265,1767920958535,0.0,0.0,0.0,1,Lexxpluss-Biz,a8:29:48:c8:8f:61,-51,5240,0,0,0.0,,
266,1767920959040,0.0,0.0,0.0,1,Lexxpluss-Biz,a8:29:48:c8:8f:61,-52,5240,0,0,0.0,,
267,1767920959545,0.0,0.0,0.0,1,Lexxpluss-Biz,a8:29:48:c8:8f:61,-52,5240,0,0,0.0,,
268,1767920960050,0.0,0.0,0.0,1,Lexxpluss-Biz,a8:29:48:c8:8f:61,-52,5240,0,0,0.0,,
269,1767920960555,0.0,0.0,0.0,1,Lexxpluss-Biz,a8:29:48:c8:8f:61,-52,5240,0,0,0.0,,
270,1767920961059,0.0,0.0,0.0,1,Lexxpluss-Biz,a8:29:48:c8:8f:61,-53,5240,0,0,0.0,,
271,1767920961578,0.0,0.0,0.0,1,Lexxpluss-Biz,a8:29:48:c8:8f:61,-52,5240,0,0,0.0,,
272,1767920962082,0.0,0.0,0.0,1,Lexxpluss-Biz,a8:29:48:c8:8f:61,-53,5240,0,0,0.0,,
273,1767920962586,0.0,0.0,0.0,1,Lexxpluss-Biz,a8:29:48:c8:8f:61,-53,5240,0,0,0.0,,
274,1767920963089,0.0,0.0,0.0,1,Lexxpluss-Biz,a8:29:48:c8:8f:61,-50,5240,0,0,0.0,,
275,1767920963592,0.0,0.0,0.0,1,Lexxpluss-Biz,a8:29:48:c8:8f:61,-50,5240,0,0,0.0,,
276,1767920964097,0.0,0.0,0.0,1,Lexxpluss-Biz,a8:29:48:c8:8f:61,-52,5240,0,0,0.0,,
277,1767920964601,0.0,0.0,0.0,1,Lexxpluss-Biz,a8:29:48:c8:8f:61,-52,5240,0,0,0.0,,
278,1767920965106,0.0,0.0,0.0,1,Lexxpluss-Biz,a8:29:48:c8:8f:61,-52,5240,0,0,0.0,,
279,1767920965609,0.0,0.0,0.0,1,Lexxpluss-Biz,a8:29:48:c8:8f:61,-52,5240,0,0,0.0,,
280,1767920966114,0.0,0.0,0.0,1,Lexxpluss-Biz,a8:29:48:c8:8f:61,-52,5240,0,0,0.0,,
281,1767920966632,0.0,0.0,0.0,1,Lexxpluss-Biz,a8:29:48:c8:8f:61,-55,5240,0,0,0.0,,
282,1767920967136,0.0,0.0,0.0,1,Lexxpluss-Biz,a8:29:48:c8:8f:61,-55,5240,0,0,0.0,,
283,1767920967641,0.0,0.0,0.0,1,Lexxpluss-Biz,a8:29:48:c8:8f:61,-54,5240,0,0,0.0,,
284,1767920968146,0.0,0.0,0.0,1,Lexxpluss-Biz,a8:29:48:c8:8f:61,-54,5240,0,0,0.0,,
285,1767920968651,0.0,0.0,0.0,1,Lexxpluss-Biz,a8:29:48:c8:8f:61,-54,5240,0,0,0.0,,
286,1767920969155,0.0,0.0,0.0,1,Lexxpluss-Biz,a8:29:48:c8:8f:61,-56,5240,0,0,0.0,,
287,1767920969659,0.0,0.0,0.0,1,Lexxpluss-Biz,a8:29:48:c8:8f:61,-57,5240,0,0,0.0,,
288,1767920970164,0.0,0.0,0.0,1,Lexxpluss-Biz,a8:29:48:c8:8f:61,-56,5240,0,0,0.0,,
289,1767920970668,0.0,0.0,0.0,1,Lexxpluss-Biz,a8:29:48:c8:8f:61,-54,5240,0,0,0.0,,
290,1767920971172,0.0,0.0,0.0,1,Lexxpluss-Biz,a8:29:48:c8:8f:61,-55,5240,0,0,0.0,,
291,1767920971692,0.0,0.0,0.0,1,Lexxpluss-Biz,a8:29:48:c8:8f:61,-55,5240,0,0,0.0,,
292,1767920972196,0.0,0.0,0.0,1,Lexxpluss-Biz,a8:29:48:c8:8f:61,-55,5240,0,0,0.0,,
293,1767920972701,0.0,0.0,0.0,1,Lexxpluss-Biz,a8:29:48:c8:8f:61,-55,5240,0,0,0.0,,
294,1767920973206,0.0,0.0,0.0,1,Lexxpluss-Biz,a8:29:48:c8:8f:61,-52,5240,0,0,0.0,,
295,1767920973710,0.0,0.0,0.0,1,Lexxpluss-Biz,a8:29:48:c8:8f:61,-55,5240,0,0,0.0,,
296,1767920974214,0.0,0.0,0.0,1,Lexxpluss-Biz,a8:29:48:c8:8f:61,-55,5240,0,0,0.0,,
297,1767920974719,0.0,0.0,0.0,1,Lexxpluss-Biz,a8:29:48:c8:8f:61,-55,5240,0,0,0.0,,
298,1767920975224,0.0,0.0,0.0,1,Lexxpluss-Biz,a8:29:48:c8:8f:61,-55,5240,0,0,0.0,,
299,1767920975729,0.0,0.0,0.0,1,Lexxpluss-Biz,a8:29:48:c8:8f:61,-55,5240,0,0,0.0,,
300,1767920976234,0.0,0.0,0.0,1,Lexxpluss-Biz,a8:29:48:c8:8f:61,-55,5240,0,0,0.0,,
301,1767920976753,0.0,0.0,0.0,1,Lexxpluss-Biz,a8:29:48:c8:8f:61,-55,5240,0,0,0.0,,
302,1767920977258,0.0,0.0,0.0,1,Lexxpluss-Biz,a8:29:48:c8:8f:61,-55,5240,0,0,0.0,,
303,1767920977762,0.0,0.0,0.0,1,Lexxpluss-Biz,a8:29:48:c8:8f:61,-55,5240,0,0,0.0,,
304,1767920978267,0.0,0.0,0.0,1,Lexxpluss-Biz,a8:29:48:c8:8f:61,-55,5240,0,0,0.0,,
305,1767920978771,0.0,0.0,0.0,1,Lexxpluss-Biz,a8:29:48:c8:8f:61,-55,5240,0,0,0.0,,
306,1767920979276,0.0,0.0,0.0,1,Lexxpluss-Biz,a8:29:48:c8:8f:61,-54,5240,0,0,0.0,,
307,1767920979781,0.0,0.0,0.0,1,Lexxpluss-Biz,a8:29:48:c8:8f:61,-54,5240,0,0,0.0,,
308,1767920980284,0.0,0.0,0.0,1,Lexxpluss-Biz,a8:29:48:c8:8f:61,-54,5240,0,0,0.0,,
309,1767920980789,0.0,0.0,0.0,1,Lexxpluss-Biz,a8:29:48:c8:8f:61,-55,5240,0,0,0.0,,
310,1767920981293,0.0,0.0,0.0,1,Lexxpluss-Biz,a8:29:48:c8:8f:61,-55,5240,0,0,0.0,,
311,1767920981812,0.0,0.0,0.0,1,Lexxpluss-Biz,a8:29:48:c8:8f:61,-55,5240,0,0,0.0,,
312,1767920982317,0.0,0.0,0.0,1,Lexxpluss-Biz,a8:29:48:c8:8f:61,-55,5240,0,0,0.0,,
313,1767920982822,0.0,0.0,0.0,1,Lexxpluss-Biz,a8:29:48:c8:8f:61,-55,5240,0,0,0.0,,
314,1767920983327,0.0,0.0,0.0,1,Lexxpluss-Biz,a8:29:48:c8:8f:61,-55,5240,0,0,0.0,,
315,1767920983831,0.0,0.0,0.0,1,Lexxpluss-Biz,a8:29:48:c8:8f:61,-55,5240,0,0,0.0,,
